census_tract,Longitude,Latitude,EV Level1 EVSE Num,EV Level1 Power Output (kW),EV Level2 EVSE Num,EV Level2 Power Output (kW),EV DC Fast Count,EV CHAdeMO Connector Count,EV CHAdeMO Power Output (kW),EV CCS Connector Count,EV CCS Power Output (kW),EV J3400 Connector Count,EV J3400 Power Output (kW),EV other DC Fast Count,EV other DC Fast Power Output (kW)
06001409000,-122.2087,37.7136,0.0,1,4.0,13.0,0.0,0,0.0,0,0.0,0,0.0,0.0,0
06001409000,-122.2145,37.7153,0.0,1,2.0,13.0,0.0,0,0.0,0,0.0,0,0.0,0.0,0
06001402900,-122.263905,37.810716,4.0,1,2.0,13.0,0.0,0,0.0,0,0.0,0,0.0,0.0,0
06001402900,-122.263905,37.810716,4.0,1,2.0,13.0,0.0,0,0.0,0,0.0,0,0.0,0.0,0
06001402900,-122.26492,37.810953,0.0,1,1.0,13.0,0.0,0,0.0,0,0.0,0,0.0,0.0,0
06001422800,-122.256305,37.867942,0.0,1,3.0,13.0,0.0,0,0.0,0,0.0,0,0.0,0.0,0
06001422800,-122.256305,37.867942,0.0,1,3.0,13.0,0.0,0,0.0,0,0.0,0,0.0,0.0,0
06001400100,-122.24184,37.857507,0.0,1,1.0,13.0,0.0,0,0.0,0,0.0,0,0.0,0.0,0
06001425102,-122.292879,37.83963,0.0,1,4.0,13.0,0.0,0,0.0,0,0.0,0,0.0,0.0,0
06001409000,-122.198335,37.725841,0.0,1,3.0,13.0,0.0,0,0.0,0,0.0,0,0.0,0.0,0
06001409000,-122.198335,37.725841,0.0,1,3.0,13.0,0.0,0,0.0,0,0.0,0,0.0,0.0,0
06001409000,-122.213042,37.730079,0.0,1,3.0,13.0,0.0,0,0.0,0,0.0,0,0.0,0.0,0
06001409000,-122.213042,37.730079,0.0,1,3.0,13.0,0.0,0,0.0,0,0.0,0,0.0,0.0,0
06001425102,-122.291804,37.833765,0.0,1,7.0,9.6,0.0,0,0.0,0,0.0,0,0.0,0.0,0
06001425102,-122.294625,37.836685,0.0,1,2.0,9.6,0.0,0,0.0,0,0.0,0,0.0,0.0,0
06001409000,-122.203197,37.752065,0.0,1,2.0,9.6,0.0,0,0.0,0,0.0,0,0.0,0.0,0
06001405302,-122.25313,37.79966,0.0,1,0.0,13.0,3.0,0,0.0,1,350.0,0,0.0,2.0,150
06001425102,-122.295505,37.837493,0.0,1,0.0,13.0,12.0,0,0.0,0,0.0,1,150.0,11.0,150
06001425104,-122.27974,37.83268,0.0,1,0.0,13.0,3.0,0,0.0,1,350.0,0,0.0,2.0,150
06001409000,-122.195179,37.746162,0.0,1,0.0,13.0,16.0,0,0.0,0,0.0,1,150.0,15.0,150
06001425104,-122.283766,37.835118,0.0,1,3.0,13.0,0.0,0,0.0,0,0.0,0,0.0,0.0,0
06001409000,-122.200353,37.732015,0.0,1,1.0,6.5,0.0,0,0.0,0,0.0,0,0.0,0.0,0
06001422902,-122.269844,37.87037,0.0,1,2.0,6.5,0.0,0,0.0,0,0.0,0,0.0,0.0,0
06001425102,-122.29375,37.83803,0.0,1,2.0,6.5,0.0,0,0.0,0,0.0,0,0.0,0.0,0
06001422902,-122.266758,37.868772,0.0,1,2.0,6.5,0.0,0,0.0,0,0.0,0,0.0,0.0,0
06001422800,-122.259492,37.867365,0.0,1,2.0,6.5,0.0,0,0.0,0,0.0,0,0.0,0.0,0
06001403100,-122.275863,37.799328,0.0,1,2.0,6.5,0.0,0,0.0,0,0.0,0,0.0,0.0,0
06001404502,-122.208897,37.827243,0.0,1,2.0,6.5,0.0,0,0.0,0,0.0,0,0.0,0.0,0
06001403000,-122.271703,37.800455,0.0,1,2.0,6.5,0.0,0,0.0,0,0.0,0,0.0,0.0,0
06001404102,-122.253697,37.82606,0.0,1,2.0,6.5,0.0,0,0.0,0,0.0,0,0.0,0.0,0
06001404900,-122.217392,37.799695,0.0,1,2.0,6.5,0.0,0,0.0,0,0.0,0,0.0,0.0,0
06001407500,-122.191379,37.771447,0.0,1,1.0,6.5,0.0,0,0.0,0,0.0,0,0.0,0.0,0
06001403402,-122.265232,37.800591,0.0,1,1.0,6.5,0.0,0,0.0,0,0.0,0,0.0,0.0,0
06001403100,-122.277883,37.800256,0.0,1,2.0,6.5,0.0,0,0.0,0,0.0,0,0.0,0.0,0
06001403100,-122.277644,37.800244,0.0,1,2.0,6.5,0.0,0,0.0,0,0.0,0,0.0,0.0,0
06001403100,-122.275771,37.804704,0.0,1,2.0,6.5,0.0,0,0.0,0,0.0,0,0.0,0.0,0
06001425102,-122.294069,37.842392,0.0,1,1.0,6.5,0.0,0,0.0,0,0.0,0,0.0,0.0,0
06001422000,-122.299413,37.868212,0.0,1,1.0,6.5,0.0,0,0.0,0,0.0,0,0.0,0.0,0
06001423500,-122.267518,37.86158,0.0,1,1.0,6.5,0.0,0,0.0,0,0.0,0,0.0,0.0,0
06001402802,-122.272338,37.806188,0.0,1,2.0,6.5,0.0,0,0.0,0,0.0,0,0.0,0.0,0
06001425102,-122.296271,37.842922,0.0,1,2.0,6.5,0.0,0,0.0,0,0.0,0,0.0,0.0,0
06001405000,-122.244723,37.809749,0.0,1,1.0,6.5,0.0,0,0.0,0,0.0,0,0.0,0.0,0
06001422902,-122.26985,37.870543,0.0,1,1.0,6.5,0.0,0,0.0,0,0.0,0,0.0,0.0,0
06001422200,-122.290889,37.869385,0.0,1,2.0,6.5,0.0,0,0.0,0,0.0,0,0.0,0.0,0
06001422000,-122.312865,37.86457,0.0,1,2.0,6.5,0.0,0,0.0,0,0.0,0,0.0,0.0,0
06001983200,-122.271843,37.794095,0.0,1,2.0,6.5,0.0,0,0.0,0,0.0,0,0.0,0.0,0
06001425101,-122.301789,37.838825,0.0,1,2.0,6.5,0.0,0,0.0,0,0.0,0,0.0,0.0,0
06001406000,-122.246167,37.785814,0.0,1,2.0,13.0,0.0,0,0.0,0,0.0,0,0.0,0.0,0
06001401600,-122.285546,37.819719,0.0,1,4.0,13.0,0.0,0,0.0,0,0.0,0,0.0,0.0,0
06001401700,-122.288545,37.825109,0.0,1,1.0,13.0,0.0,0,0.0,0,0.0,0,0.0,0.0,0
06001403100,-122.274138,37.802798,0.0,1,8.0,13.0,0.0,0,0.0,0,0.0,0,0.0,0.0,0
06001403100,-122.274138,37.802798,0.0,1,8.0,13.0,0.0,0,0.0,0,0.0,0,0.0,0.0,0
06001425102,-122.294041,37.840281,0.0,1,0.0,13.0,12.0,0,0.0,0,0.0,1,150.0,11.0,150
06001983200,-122.272388,37.794181,0.0,1,0.0,13.0,12.0,0,0.0,0,0.0,1,150.0,11.0,150
06001403100,-122.276066,37.802139,0.0,1,2.0,6.5,0.0,0,0.0,0,0.0,0,0.0,0.0,0
06001403100,-122.275978,37.802122,0.0,1,2.0,6.5,0.0,0,0.0,0,0.0,0,0.0,0.0,0
06001403100,-122.27597,37.802251,0.0,1,2.0,6.5,0.0,0,0.0,0,0.0,0,0.0,0.0,0
06001403100,-122.276228,37.802314,0.0,1,2.0,6.5,0.0,0,0.0,0,0.0,0,0.0,0.0,0
06001403100,-122.276432,37.802337,0.0,1,2.0,6.5,0.0,0,0.0,0,0.0,0,0.0,0.0,0
06001403100,-122.276295,37.802248,0.0,1,2.0,6.5,0.0,0,0.0,0,0.0,0,0.0,0.0,0
06001403100,-122.276108,37.802195,0.0,1,2.0,6.5,0.0,0,0.0,0,0.0,0,0.0,0.0,0
06001409000,-122.200379,37.732048,0.0,1,1.0,6.5,0.0,0,0.0,0,0.0,0,0.0,0.0,0
06001422902,-122.26986,37.870335,0.0,1,2.0,6.5,0.0,0,0.0,0,0.0,0,0.0,0.0,0
06001422902,-122.269763,37.870549,0.0,1,2.0,6.5,0.0,0,0.0,0,0.0,0,0.0,0.0,0
06001422902,-122.269881,37.870528,0.0,1,2.0,6.5,0.0,0,0.0,0,0.0,0,0.0,0.0,0
06001422902,-122.26982,37.870517,0.0,1,2.0,6.5,0.0,0,0.0,0,0.0,0,0.0,0.0,0
06001422902,-122.269852,37.870494,0.0,1,2.0,6.5,0.0,0,0.0,0,0.0,0,0.0,0.0,0
06001422902,-122.269737,37.870538,0.0,1,2.0,6.5,0.0,0,0.0,0,0.0,0,0.0,0.0,0
06001422902,-122.269785,37.870562,0.0,1,1.0,6.5,0.0,0,0.0,0,0.0,0,0.0,0.0,0
06001422902,-122.269908,37.870591,0.0,1,2.0,6.5,0.0,0,0.0,0,0.0,0,0.0,0.0,0
06001422902,-122.269908,37.870532,0.0,1,2.0,6.5,0.0,0,0.0,0,0.0,0,0.0,0.0,0
06001422902,-122.269876,37.870583,0.0,1,2.0,6.5,0.0,0,0.0,0,0.0,0,0.0,0.0,0
06001422902,-122.26985,37.870316,0.0,1,2.0,6.5,0.0,0,0.0,0,0.0,0,0.0,0.0,0
06001422902,-122.269761,37.870559,0.0,1,1.0,6.5,0.0,0,0.0,0,0.0,0,0.0,0.0,0
06001422902,-122.269875,37.870346,0.0,1,2.0,6.5,0.0,0,0.0,0,0.0,0,0.0,0.0,0
06001422902,-122.269908,37.870549,0.0,1,2.0,6.5,0.0,0,0.0,0,0.0,0,0.0,0.0,0
06001422902,-122.269812,37.870543,0.0,1,2.0,6.5,0.0,0,0.0,0,0.0,0,0.0,0.0,0
06001422902,-122.269902,37.87079,0.0,1,2.0,6.5,0.0,0,0.0,0,0.0,0,0.0,0.0,0
06001422902,-122.266602,37.868792,0.0,1,2.0,6.5,0.0,0,0.0,0,0.0,0,0.0,0.0,0
06001422800,-122.259509,37.867361,0.0,1,2.0,6.5,0.0,0,0.0,0,0.0,0,0.0,0.0,0
06001422800,-122.259514,37.867442,0.0,1,2.0,6.5,0.0,0,0.0,0,0.0,0,0.0,0.0,0
06001422800,-122.25951,37.867363,0.0,1,2.0,6.5,0.0,0,0.0,0,0.0,0,0.0,0.0,0
06001403402,-122.265159,37.80048,0.0,1,1.0,6.5,0.0,0,0.0,0,0.0,0,0.0,0.0,0
06001403402,-122.265114,37.800635,0.0,1,1.0,6.5,0.0,0,0.0,0,0.0,0,0.0,0.0,0
06001403402,-122.265304,37.800567,0.0,1,1.0,6.5,0.0,0,0.0,0,0.0,0,0.0,0.0,0
06001403402,-122.265073,37.800513,0.0,1,1.0,6.5,0.0,0,0.0,0,0.0,0,0.0,0.0,0
06001403402,-122.265044,37.800536,0.0,1,1.0,6.5,0.0,0,0.0,0,0.0,0,0.0,0.0,0
06001403402,-122.26512,37.800486,0.0,1,1.0,6.5,0.0,0,0.0,0,0.0,0,0.0,0.0,0
06001403402,-122.26521,37.800472,0.0,1,2.0,6.5,0.0,0,0.0,0,0.0,0,0.0,0.0,0
06001403402,-122.264983,37.800776,0.0,1,2.0,6.5,0.0,0,0.0,0,0.0,0,0.0,0.0,0
06001403402,-122.264976,37.800742,0.0,1,2.0,6.5,0.0,0,0.0,0,0.0,0,0.0,0.0,0
06001403402,-122.265044,37.800584,0.0,1,2.0,6.5,0.0,0,0.0,0,0.0,0,0.0,0.0,0
06001403402,-122.265047,37.800733,0.0,1,2.0,6.5,0.0,0,0.0,0,0.0,0,0.0,0.0,0
06001403100,-122.275863,37.799311,0.0,1,2.0,6.5,0.0,0,0.0,0,0.0,0,0.0,0.0,0
06001403100,-122.275884,37.799319,0.0,1,2.0,6.5,0.0,0,0.0,0,0.0,0,0.0,0.0,0
06001403100,-122.275852,37.799328,0.0,1,2.0,6.5,0.0,0,0.0,0,0.0,0,0.0,0.0,0
06001404502,-122.208879,37.82723,0.0,1,2.0,6.5,0.0,0,0.0,0,0.0,0,0.0,0.0,0
06001403000,-122.271531,37.800438,0.0,1,2.0,6.5,0.0,0,0.0,0,0.0,0,0.0,0.0,0
06001403000,-122.271681,37.800489,0.0,1,2.0,6.5,0.0,0,0.0,0,0.0,0,0.0,0.0,0
06001403000,-122.271617,37.800438,0.0,1,2.0,6.5,0.0,0,0.0,0,0.0,0,0.0,0.0,0
06001407500,-122.191359,37.771418,0.0,1,1.0,6.5,0.0,0,0.0,0,0.0,0,0.0,0.0,0
06001407500,-122.191358,37.771466,0.0,1,1.0,6.5,0.0,0,0.0,0,0.0,0,0.0,0.0,0
06001407500,-122.191376,37.771513,0.0,1,1.0,6.5,0.0,0,0.0,0,0.0,0,0.0,0.0,0
06001403402,-122.265143,37.800631,0.0,1,1.0,6.5,0.0,0,0.0,0,0.0,0,0.0,0.0,0
06001403100,-122.277788,37.80024,0.0,1,2.0,6.5,0.0,0,0.0,0,0.0,0,0.0,0.0,0
06001403100,-122.277739,37.800232,0.0,1,2.0,6.5,0.0,0,0.0,0,0.0,0,0.0,0.0,0
06001403100,-122.277927,37.800285,0.0,1,2.0,6.5,0.0,0,0.0,0,0.0,0,0.0,0.0,0
06001403100,-122.277959,37.800321,0.0,1,2.0,6.5,0.0,0,0.0,0,0.0,0,0.0,0.0,0
06001403100,-122.277841,37.800251,0.0,1,2.0,6.5,0.0,0,0.0,0,0.0,0,0.0,0.0,0
06001403100,-122.277648,37.800309,0.0,1,2.0,6.5,0.0,0,0.0,0,0.0,0,0.0,0.0,0
06001403100,-122.277713,37.800313,0.0,1,2.0,6.5,0.0,0,0.0,0,0.0,0,0.0,0.0,0
06001403100,-122.275718,37.804687,0.0,1,2.0,6.5,0.0,0,0.0,0,0.0,0,0.0,0.0,0
06001403100,-122.275718,37.804678,0.0,1,2.0,6.5,0.0,0,0.0,0,0.0,0,0.0,0.0,0
06001403100,-122.275728,37.804738,0.0,1,2.0,6.5,0.0,0,0.0,0,0.0,0,0.0,0.0,0
06001425102,-122.294054,37.842371,0.0,1,2.0,6.5,0.0,0,0.0,0,0.0,0,0.0,0.0,0
06001422000,-122.299482,37.868258,0.0,1,1.0,6.5,0.0,0,0.0,0,0.0,0,0.0,0.0,0
06001422000,-122.29943,37.868196,0.0,1,1.0,6.5,0.0,0,0.0,0,0.0,0,0.0,0.0,0
06001423500,-122.267649,37.861495,0.0,1,1.0,6.5,0.0,0,0.0,0,0.0,0,0.0,0.0,0
06001423500,-122.267464,37.861775,0.0,1,1.0,6.5,0.0,0,0.0,0,0.0,0,0.0,0.0,0
06001423500,-122.267671,37.861612,0.0,1,1.0,6.5,0.0,0,0.0,0,0.0,0,0.0,0.0,0
06001402802,-122.272404,37.806119,0.0,1,2.0,6.5,0.0,0,0.0,0,0.0,0,0.0,0.0,0
06001425102,-122.296292,37.842989,0.0,1,2.0,6.5,0.0,0,0.0,0,0.0,0,0.0,0.0,0
06001403100,-122.275988,37.802264,0.0,1,2.0,6.5,0.0,0,0.0,0,0.0,0,0.0,0.0,0
06001403100,-122.27586,37.802378,0.0,1,2.0,6.5,0.0,0,0.0,0,0.0,0,0.0,0.0,0
06001403100,-122.275784,37.802297,0.0,1,2.0,6.5,0.0,0,0.0,0,0.0,0,0.0,0.0,0
06001403100,-122.27578,37.802259,0.0,1,2.0,6.5,0.0,0,0.0,0,0.0,0,0.0,0.0,0
06001403100,-122.275848,37.802177,0.0,1,2.0,6.5,0.0,0,0.0,0,0.0,0,0.0,0.0,0
06001403100,-122.275736,37.802314,0.0,1,2.0,6.5,0.0,0,0.0,0,0.0,0,0.0,0.0,0
06001403100,-122.275749,37.802323,0.0,1,2.0,6.5,0.0,0,0.0,0,0.0,0,0.0,0.0,0
06001403100,-122.275719,37.802438,0.0,1,1.0,6.5,0.0,0,0.0,0,0.0,0,0.0,0.0,0
06001403100,-122.276378,37.802674,0.0,1,1.0,6.5,0.0,0,0.0,0,0.0,0,0.0,0.0,0
06001403100,-122.276404,37.802628,0.0,1,2.0,6.5,0.0,0,0.0,0,0.0,0,0.0,0.0,0
06001403100,-122.275741,37.802357,0.0,1,2.0,6.5,0.0,0,0.0,0,0.0,0,0.0,0.0,0
06001403100,-122.276164,37.802237,0.0,1,2.0,6.5,0.0,0,0.0,0,0.0,0,0.0,0.0,0
06001403100,-122.276489,37.802331,0.0,1,2.0,6.5,0.0,0,0.0,0,0.0,0,0.0,0.0,0
06001422100,-122.29525,37.87612,0.0,1,2.0,6.5,0.0,0,0.0,0,0.0,0,0.0,0.0,0
06001982100,-122.250055,37.875902,0.0,1,1.0,13.0,0.0,0,0.0,0,0.0,0,0.0,0.0,0
06001982100,-122.250055,37.875902,0.0,1,1.0,13.0,0.0,0,0.0,0,0.0,0,0.0,0.0,0
06001982100,-122.250014,37.875985,0.0,1,1.0,13.0,0.0,0,0.0,0,0.0,0,0.0,0.0,0
06001982100,-122.250055,37.875902,0.0,1,1.0,13.0,0.0,0,0.0,0,0.0,0,0.0,0.0,0
06001982100,-122.250014,37.875985,0.0,1,1.0,13.0,0.0,0,0.0,0,0.0,0,0.0,0.0,0
06001982100,-122.250014,37.875985,0.0,1,1.0,13.0,0.0,0,0.0,0,0.0,0,0.0,0.0,0
06001982100,-122.250055,37.875902,0.0,1,1.0,13.0,0.0,0,0.0,0,0.0,0,0.0,0.0,0
06001982100,-122.250055,37.875902,0.0,1,1.0,13.0,0.0,0,0.0,0,0.0,0,0.0,0.0,0
06001982100,-122.250055,37.875902,0.0,1,1.0,13.0,0.0,0,0.0,0,0.0,0,0.0,0.0,0
06001982100,-122.250055,37.875902,0.0,1,1.0,13.0,0.0,0,0.0,0,0.0,0,0.0,0.0,0
06001982100,-122.250055,37.875902,0.0,1,1.0,13.0,0.0,0,0.0,0,0.0,0,0.0,0.0,0
06001982100,-122.250027,37.875928,0.0,1,1.0,13.0,0.0,0,0.0,0,0.0,0,0.0,0.0,0
06001982100,-122.250055,37.875902,0.0,1,1.0,13.0,0.0,0,0.0,0,0.0,0,0.0,0.0,0
06001982100,-122.250014,37.875985,0.0,1,1.0,13.0,0.0,0,0.0,0,0.0,0,0.0,0.0,0
06001982100,-122.250055,37.875902,0.0,1,1.0,13.0,0.0,0,0.0,0,0.0,0,0.0,0.0,0
06001982100,-122.250014,37.875985,0.0,1,1.0,13.0,0.0,0,0.0,0,0.0,0,0.0,0.0,0
06001982100,-122.250055,37.875902,1.0,1,0.0,13.0,0.0,0,0.0,0,0.0,0,0.0,0.0,0
06001982100,-122.250055,37.875902,1.0,1,0.0,13.0,0.0,0,0.0,0,0.0,0,0.0,0.0,0
06001982100,-122.250055,37.875902,1.0,1,0.0,13.0,0.0,0,0.0,0,0.0,0,0.0,0.0,0
06001982100,-122.250055,37.875902,1.0,1,0.0,13.0,0.0,0,0.0,0,0.0,0,0.0,0.0,0
06001982100,-122.250055,37.875902,1.0,1,0.0,13.0,0.0,0,0.0,0,0.0,0,0.0,0.0,0
06001982100,-122.250055,37.875902,1.0,1,0.0,13.0,0.0,0,0.0,0,0.0,0,0.0,0.0,0
06001982100,-122.250055,37.875902,1.0,1,0.0,13.0,0.0,0,0.0,0,0.0,0,0.0,0.0,0
06001982100,-122.250055,37.875902,1.0,1,0.0,13.0,0.0,0,0.0,0,0.0,0,0.0,0.0,0
06001982100,-122.250055,37.875902,1.0,1,0.0,13.0,0.0,0,0.0,0,0.0,0,0.0,0.0,0
06001982100,-122.250055,37.875902,1.0,1,0.0,13.0,0.0,0,0.0,0,0.0,0,0.0,0.0,0
06001982100,-122.250055,37.875902,1.0,1,0.0,13.0,0.0,0,0.0,0,0.0,0,0.0,0.0,0
06001982100,-122.250014,37.875985,1.0,1,0.0,13.0,0.0,0,0.0,0,0.0,0,0.0,0.0,0
06001982100,-122.250014,37.875985,1.0,1,0.0,13.0,0.0,0,0.0,0,0.0,0,0.0,0.0,0
06001982100,-122.250014,37.875985,1.0,1,0.0,13.0,0.0,0,0.0,0,0.0,0,0.0,0.0,0
06001982100,-122.250055,37.875902,1.0,1,0.0,13.0,0.0,0,0.0,0,0.0,0,0.0,0.0,0
06001982100,-122.250055,37.875902,1.0,1,0.0,13.0,0.0,0,0.0,0,0.0,0,0.0,0.0,0
06001982100,-122.250055,37.875902,1.0,1,0.0,13.0,0.0,0,0.0,0,0.0,0,0.0,0.0,0
06001982100,-122.250055,37.875902,1.0,1,0.0,13.0,0.0,0,0.0,0,0.0,0,0.0,0.0,0
06001982100,-122.250055,37.875902,1.0,1,0.0,13.0,0.0,0,0.0,0,0.0,0,0.0,0.0,0
06001982100,-122.250055,37.875902,1.0,1,0.0,13.0,0.0,0,0.0,0,0.0,0,0.0,0.0,0
06001982100,-122.250055,37.875902,1.0,1,0.0,13.0,0.0,0,0.0,0,0.0,0,0.0,0.0,0
06001425103,-122.291794,37.845358,1.0,1,0.0,13.0,0.0,0,0.0,0,0.0,0,0.0,0.0,0
06001422000,-122.290192,37.853235,0.0,1,3.0,7.2,0.0,0,0.0,0,0.0,0,0.0,0.0,0
06001409000,-122.2018642,37.7274296,0.0,1,1.0,10.8,0.0,0,0.0,0,0.0,0,0.0,0.0,0
06001402900,-122.267307,37.806087,0.0,1,2.0,6.5,0.0,0,0.0,0,0.0,0,0.0,0.0,0
06001402900,-122.267317,37.806121,0.0,1,2.0,6.5,0.0,0,0.0,0,0.0,0,0.0,0.0,0
06001402900,-122.26735,37.806095,0.0,1,2.0,6.5,0.0,0,0.0,0,0.0,0,0.0,0.0,0
06001402900,-122.267285,37.806087,0.0,1,2.0,6.5,0.0,0,0.0,0,0.0,0,0.0,0.0,0
06001402900,-122.267293,37.806089,0.0,1,2.0,6.5,0.0,0,0.0,0,0.0,0,0.0,0.0,0
06001422400,-122.27309,37.874052,0.0,1,2.0,7.2,0.0,0,0.0,0,0.0,0,0.0,0.0,0
06001422901,-122.268936,37.866473,0.0,1,2.0,6.5,0.0,0,0.0,0,0.0,0,0.0,0.0,0
06001403100,-122.272921,37.8028027,0.0,1,9.0,6.2,0.0,0,0.0,0,0.0,0,0.0,0.0,0
06001401300,-122.264137,37.821515,0.0,1,2.0,6.5,0.0,0,0.0,0,0.0,0,0.0,0.0,0
06001401300,-122.264133,37.82146,0.0,1,2.0,6.5,0.0,0,0.0,0,0.0,0,0.0,0.0,0
06001401300,-122.264027,37.821428,0.0,1,2.0,6.5,0.0,0,0.0,0,0.0,0,0.0,0.0,0
06001423902,-122.258595,37.856103,0.0,1,1.0,6.5,0.0,0,0.0,0,0.0,0,0.0,0.0,0
06001423902,-122.258484,37.855858,0.0,1,2.0,6.5,0.0,0,0.0,0,0.0,0,0.0,0.0,0
06001423902,-122.258515,37.855967,0.0,1,2.0,6.5,0.0,0,0.0,0,0.0,0,0.0,0.0,0
06001423902,-122.25847,37.855787,0.0,1,2.0,6.5,0.0,0,0.0,0,0.0,0,0.0,0.0,0
06001423902,-122.258563,37.856127,0.0,1,1.0,6.5,0.0,0,0.0,0,0.0,0,0.0,0.0,0
06001423500,-122.266962,37.863948,0.0,1,1.0,6.5,0.0,0,0.0,0,0.0,0,0.0,0.0,0
06001423500,-122.266957,37.863944,0.0,1,1.0,6.5,0.0,0,0.0,0,0.0,0,0.0,0.0,0
06001423500,-122.266728,37.863934,0.0,1,2.0,6.5,0.0,0,0.0,0,0.0,0,0.0,0.0,0
06001423500,-122.267247,37.863443,0.0,1,2.0,6.5,0.0,0,0.0,0,0.0,0,0.0,0.0,0
06001423500,-122.266855,37.863952,0.0,1,2.0,6.5,0.0,0,0.0,0,0.0,0,0.0,0.0,0
06001423500,-122.2669,37.863956,0.0,1,2.0,6.5,0.0,0,0.0,0,0.0,0,0.0,0.0,0
06001423500,-122.266929,37.863951,0.0,1,1.0,6.5,0.0,0,0.0,0,0.0,0,0.0,0.0,0
06001423902,-122.25856,37.856045,0.0,1,2.0,6.5,0.0,0,0.0,0,0.0,0,0.0,0.0,0
06001422100,-122.295227,37.876105,0.0,1,2.0,6.5,0.0,0,0.0,0,0.0,0,0.0,0.0,0
06001401300,-122.26795,37.812782,0.0,1,1.0,6.5,0.0,0,0.0,0,0.0,0,0.0,0.0,0
06001401300,-122.26786,37.812626,0.0,1,1.0,6.5,0.0,0,0.0,0,0.0,0,0.0,0.0,0
06001423500,-122.267515,37.860998,0.0,1,2.0,6.5,0.0,0,0.0,0,0.0,0,0.0,0.0,0
06001423500,-122.267517,37.861065,0.0,1,2.0,6.5,0.0,0,0.0,0,0.0,0,0.0,0.0,0
06001422000,-122.305478,37.864414,0.0,1,2.0,6.5,0.0,0,0.0,0,0.0,0,0.0,0.0,0
06001404502,-122.209039,37.827289,0.0,1,2.0,6.5,0.0,0,0.0,0,0.0,0,0.0,0.0,0
06001423500,-122.267566,37.861517,0.0,1,1.0,6.5,0.0,0,0.0,0,0.0,0,0.0,0.0,0
06001423500,-122.267613,37.861532,0.0,1,1.0,6.5,0.0,0,0.0,0,0.0,0,0.0,0.0,0
06001402900,-122.270485,37.805,0.0,1,2.0,6.5,0.0,0,0.0,0,0.0,0,0.0,0.0,0
06001402900,-122.27058,37.805065,0.0,1,2.0,6.5,0.0,0,0.0,0,0.0,0,0.0,0.0,0
06001401300,-122.265025,37.820594,0.0,1,2.0,6.5,0.0,0,0.0,0,0.0,0,0.0,0.0,0
06001401300,-122.26509,37.820611,0.0,1,2.0,6.5,0.0,0,0.0,0,0.0,0,0.0,0.0,0
06001401300,-122.264982,37.820585,0.0,1,2.0,6.5,0.0,0,0.0,0,0.0,0,0.0,0.0,0
06001401300,-122.265228,37.820575,0.0,1,2.0,6.5,0.0,0,0.0,0,0.0,0,0.0,0.0,0
06001401300,-122.265336,37.820583,0.0,1,1.0,6.5,0.0,0,0.0,0,0.0,0,0.0,0.0,0
06001401300,-122.264982,37.820594,0.0,1,2.0,6.5,0.0,0,0.0,0,0.0,0,0.0,0.0,0
06001401300,-122.264939,37.820585,0.0,1,2.0,6.5,0.0,0,0.0,0,0.0,0,0.0,0.0,0
06001402900,-122.270559,37.804916,0.0,1,2.0,6.5,0.0,0,0.0,0,0.0,0,0.0,0.0,0
06001401300,-122.265422,37.820499,0.0,1,2.0,6.5,0.0,0,0.0,0,0.0,0,0.0,0.0,0
06001401300,-122.265742,37.815672,0.0,1,1.0,7.7,0.0,0,0.0,0,0.0,0,0.0,0.0,0
06001422000,-122.294971,37.85118,0.0,1,2.0,6.5,0.0,0,0.0,0,0.0,0,0.0,0.0,0
06001422000,-122.294926,37.851112,0.0,1,2.0,6.5,0.0,0,0.0,0,0.0,0,0.0,0.0,0
06001401300,-122.265218,37.820488,0.0,1,2.0,6.5,0.0,0,0.0,0,0.0,0,0.0,0.0,0
06001403100,-122.27553,37.804821,0.0,1,2.0,6.5,0.0,0,0.0,0,0.0,0,0.0,0.0,0
06001403100,-122.275541,37.804813,0.0,1,2.0,6.5,0.0,0,0.0,0,0.0,0,0.0,0.0,0
06001403100,-122.275541,37.804821,0.0,1,2.0,6.5,0.0,0,0.0,0,0.0,0,0.0,0.0,0
06001408800,-122.195144,37.755642,0.0,1,2.0,6.5,0.0,0,0.0,0,0.0,0,0.0,0.0,0
06001403800,-122.246595,37.809965,0.0,1,0.0,13.0,6.0,1,100.0,1,200.0,0,0.0,4.0,150
06001403100,-122.276778,37.803258,0.0,1,0.0,13.0,4.0,1,50.0,1,50.0,0,0.0,2.0,150
06001425102,-122.293828,37.840178,0.0,1,0.0,13.0,2.0,1,50.0,1,50.0,0,0.0,0.0,0
06001422000,-122.29729,37.88061,0.0,1,1.0,7.2,2.0,0,0.0,0,0.0,0,0.0,2.0,150
06001422000,-122.29729,37.88061,0.0,1,1.0,13.0,2.0,1,50.0,1,50.0,0,0.0,0.0,0
06001403502,-122.26058,37.81333,0.0,1,0.0,13.0,4.0,1,50.0,1,50.0,0,0.0,2.0,150
06001400300,-122.2616657,37.8375988,0.0,1,0.0,13.0,2.0,1,100.0,1,100.0,0,0.0,0.0,0
06001983200,-122.2769619,37.7981773,0.0,1,0.0,13.0,8.0,1,100.0,1,350.0,0,0.0,6.0,150
06001983200,-122.2769619,37.7981773,0.0,1,0.0,13.0,8.0,1,100.0,1,100.0,0,0.0,6.0,150
06001401300,-122.265271,37.820605,0.0,1,1.0,6.5,0.0,0,0.0,0,0.0,0,0.0,0.0,0
06001401300,-122.26542,37.8205,0.0,1,1.0,6.5,0.0,0,0.0,0,0.0,0,0.0,0.0,0
06001401300,-122.265323,37.820441,0.0,1,2.0,6.5,0.0,0,0.0,0,0.0,0,0.0,0.0,0
06001401300,-122.265444,37.820386,0.0,1,2.0,6.5,0.0,0,0.0,0,0.0,0,0.0,0.0,0
06001403501,-122.262942,37.816651,0.0,1,1.0,7.2,0.0,0,0.0,0,0.0,0,0.0,0.0,0
06001402802,-122.273154,37.806447,0.0,1,15.0,7.2,0.0,0,0.0,0,0.0,0,0.0,0.0,0
06001409000,-122.21122,37.71722,0.0,1,8.0,13.0,0.0,0,0.0,0,0.0,0,0.0,0.0,0
06001402900,-122.2704842,37.8050007,0.0,1,3.0,13.0,0.0,0,0.0,0,0.0,0,0.0,0.0,0
06001401700,-122.291743,37.830221,0.0,1,1.0,6.5,0.0,0,0.0,0,0.0,0,0.0,0.0,0
06001401700,-122.29203,37.830061,0.0,1,1.0,6.5,0.0,0,0.0,0,0.0,0,0.0,0.0,0
06001401700,-122.292025,37.830318,0.0,1,1.0,6.5,0.0,0,0.0,0,0.0,0,0.0,0.0,0
06001425102,-122.291943,37.830419,0.0,1,1.0,6.5,0.0,0,0.0,0,0.0,0,0.0,0.0,0
06001425103,-122.29164,37.842392,0.0,1,2.0,6.5,0.0,0,0.0,0,0.0,0,0.0,0.0,0
06001425103,-122.291508,37.842432,0.0,1,2.0,6.5,0.0,0,0.0,0,0.0,0,0.0,0.0,0
06001425103,-122.291579,37.842321,0.0,1,2.0,6.5,0.0,0,0.0,0,0.0,0,0.0,0.0,0
06001425103,-122.291576,37.842502,0.0,1,2.0,6.5,0.0,0,0.0,0,0.0,0,0.0,0.0,0
06001425103,-122.291526,37.842452,0.0,1,2.0,6.5,0.0,0,0.0,0,0.0,0,0.0,0.0,0
06001425103,-122.291363,37.842231,0.0,1,2.0,6.5,0.0,0,0.0,0,0.0,0,0.0,0.0,0
06001403401,-122.2639631,37.8052943,0.0,1,1.0,6.2,0.0,0,0.0,0,0.0,0,0.0,0.0,0
06001403501,-122.2650681,37.81267929,0.0,1,1.0,8.6,0.0,0,0.0,0,0.0,0,0.0,0.0,0
06001404900,-122.216992,37.799268,0.0,1,0.0,13.0,8.0,0,0.0,1,100.0,0,0.0,7.0,150
06001404900,-122.216992,37.799268,0.0,1,0.0,13.0,8.0,0,0.0,1,350.0,0,0.0,7.0,150
06001402900,-122.26676,37.805801,0.0,1,2.0,6.5,0.0,0,0.0,0,0.0,0,0.0,0.0,0
06001402900,-122.266824,37.805733,0.0,1,2.0,6.5,0.0,0,0.0,0,0.0,0,0.0,0.0,0
06001402900,-122.266803,37.805843,0.0,1,2.0,6.5,0.0,0,0.0,0,0.0,0,0.0,0.0,0
06001409000,-122.2135347463798,37.71551706285052,0.0,1,2.0,13.0,0.0,0,0.0,0,0.0,0,0.0,0.0,0
06001409000,-122.21122,37.71722,6.0,1,0.0,13.0,0.0,0,0.0,0,0.0,0,0.0,0.0,0
06001409000,-122.2116330601883,37.71304070622014,0.0,1,16.0,13.0,0.0,0,0.0,0,0.0,0,0.0,0.0,0
06001409000,-122.21122,37.71722,0.0,1,0.0,13.0,6.0,0,0.0,1,150.0,0,0.0,5.0,150
06001402900,-122.269465,37.806165,0.0,1,2.0,6.5,0.0,0,0.0,0,0.0,0,0.0,0.0,0
06001402900,-122.269435,37.806194,0.0,1,2.0,6.5,0.0,0,0.0,0,0.0,0,0.0,0.0,0
06001402900,-122.269445,37.806171,0.0,1,2.0,6.5,0.0,0,0.0,0,0.0,0,0.0,0.0,0
06001402900,-122.269427,37.806213,0.0,1,2.0,6.5,0.0,0,0.0,0,0.0,0,0.0,0.0,0
06001403501,-122.262262,37.813056,0.0,1,2.0,6.5,0.0,0,0.0,0,0.0,0,0.0,0.0,0
06001403501,-122.262257,37.813045,0.0,1,2.0,6.5,0.0,0,0.0,0,0.0,0,0.0,0.0,0
06001403501,-122.262276,37.813048,0.0,1,2.0,6.5,0.0,0,0.0,0,0.0,0,0.0,0.0,0
06001403501,-122.262285,37.813032,0.0,1,2.0,6.5,0.0,0,0.0,0,0.0,0,0.0,0.0,0
06001403501,-122.262266,37.813043,0.0,1,2.0,6.5,0.0,0,0.0,0,0.0,0,0.0,0.0,0
06001402802,-122.272415,37.806172,0.0,1,2.0,6.5,0.0,0,0.0,0,0.0,0,0.0,0.0,0
06001422000,-122.286958,37.850452,0.0,1,2.0,6.5,0.0,0,0.0,0,0.0,0,0.0,0.0,0
06001422000,-122.300963,37.8663298,0.0,1,1.0,6.2,0.0,0,0.0,0,0.0,0,0.0,0.0,0
06001422000,-122.300963,37.8663298,0.0,1,7.0,6.2,0.0,0,0.0,0,0.0,0,0.0,0.0,0
06001422000,-122.300963,37.8663298,0.0,1,7.0,11.5,0.0,0,0.0,0,0.0,0,0.0,0.0,0
06001410400,-122.16354,37.73715,0.0,1,0.0,13.0,8.0,1,100.0,1,350.0,0,0.0,6.0,150
06001410400,-122.16354,37.73715,0.0,1,0.0,13.0,8.0,1,100.0,1,100.0,0,0.0,6.0,150
06001402900,-122.2680492,37.8074352,0.0,1,4.0,6.2,0.0,0,0.0,0,0.0,0,0.0,0.0,0
06001402900,-122.2652009,37.8057657,0.0,1,4.0,6.2,0.0,0,0.0,0,0.0,0,0.0,0.0,0
06001401200,-122.257787,37.8259611,0.0,1,8.0,6.2,0.0,0,0.0,0,0.0,0,0.0,0.0,0
06001403501,-122.2596203,37.8226947,0.0,1,14.0,6.2,0.0,0,0.0,0,0.0,0,0.0,0.0,0
06001422000,-122.2889822,37.8521253,0.0,1,0.0,13.0,8.0,0,0.0,1,350.0,0,0.0,7.0,150
06001422000,-122.29818,37.86766,0.0,1,8.0,13.0,0.0,0,0.0,0,0.0,0,0.0,0.0,0
06001403100,-122.275917,37.804303,0.0,1,2.0,6.5,0.0,0,0.0,0,0.0,0,0.0,0.0,0
06001403100,-122.276111,37.804294,0.0,1,2.0,6.5,0.0,0,0.0,0,0.0,0,0.0,0.0,0
06001403100,-122.276019,37.804311,0.0,1,2.0,6.5,0.0,0,0.0,0,0.0,0,0.0,0.0,0
06001403100,-122.277565,37.803158,0.0,1,2.0,6.5,0.0,0,0.0,0,0.0,0,0.0,0.0,0
06001423200,-122.2901768,37.8621355,0.0,1,0.0,13.0,2.0,0,0.0,1,60.0,0,0.0,1.0,150
06001423200,-122.2901768,37.8621355,0.0,1,0.0,13.0,2.0,1,60.0,0,0.0,0,0.0,1.0,150
06001407900,-122.18491297824468,37.787245023903616,0.0,1,2.0,6.2,0.0,0,0.0,0,0.0,0,0.0,0.0,0
06001422000,-122.297815,37.862709,0.0,1,0.0,13.0,10.0,0,0.0,1,120.0,0,0.0,9.0,150
06001422000,-122.297815,37.862709,0.0,1,0.0,13.0,10.0,1,62.5,0,0.0,0,0.0,9.0,150
06001409000,-122.19937,37.73739,0.0,1,0.0,13.0,30.0,0,0.0,1,240.0,0,0.0,29.0,150
06001425101,-122.2989698,37.8393639,0.0,1,8.0,6.2,0.0,0,0.0,0,0.0,0,0.0,0.0,0
06001402900,-122.26681,37.80833,0.0,1,0.0,13.0,2.0,1,50.0,0,0.0,0,0.0,1.0,150
06001422901,-122.26742,37.86696,0.0,1,0.0,13.0,2.0,1,50.0,0,0.0,0,0.0,1.0,150
06001409000,-122.2041249,37.7465221,0.0,1,31.0,6.7,0.0,0,0.0,0,0.0,0,0.0,0.0,0
06001409000,-122.2041249,37.7465221,0.0,1,5.0,13.0,0.0,0,0.0,0,0.0,0,0.0,0.0,0
06001402600,-122.2814274,37.8034784,0.0,1,0.0,13.0,8.0,0,0.0,1,350.0,0,0.0,7.0,150
06001402801,-122.27157,37.8068,0.0,1,32.0,6.7,0.0,0,0.0,0,0.0,0,0.0,0.0,0
06001403100,-122.27319717407228,37.80499561845305,0.0,1,24.0,6.7,0.0,0,0.0,0,0.0,0,0.0,0.0,0
06001425102,-122.29402,37.8402,0.0,1,2.0,13.0,0.0,0,0.0,0,0.0,0,0.0,0.0,0
06001425103,-122.29313,37.844856,0.0,1,6.0,13.0,0.0,0,0.0,0,0.0,0,0.0,0.0,0
06001425103,-122.29313,37.844856,0.0,1,6.0,13.0,0.0,0,0.0,0,0.0,0,0.0,0.0,0
06001401300,-122.267668,37.811832,0.0,1,2.0,9.6,0.0,0,0.0,0,0.0,0,0.0,0.0,0
06001401200,-122.2609134,37.8253573,0.0,1,4.0,6.2,0.0,0,0.0,0,0.0,0,0.0,0.0,0
06001422000,-122.2896452,37.8581676,0.0,1,8.0,6.2,0.0,0,0.0,0,0.0,0,0.0,0.0,0
06001422000,-122.2902654,37.8574194,0.0,1,10.0,6.2,0.0,0,0.0,0,0.0,0,0.0,0.0,0
06001407300,-122.21963,37.7612,0.0,1,0.0,13.0,74.0,0,0.0,74,30.0,0,0.0,0.0,0
06001423902,-122.26077,37.85553,0.0,1,0.0,13.0,4.0,1,100.0,1,350.0,0,0.0,2.0,150
06001423902,-122.26077,37.85553,0.0,1,0.0,13.0,4.0,1,100.0,1,100.0,0,0.0,2.0,150
06001423902,-122.26077,37.85553,0.0,1,0.0,13.0,2.0,1,50.0,1,50.0,0,0.0,0.0,0
06001406100,-122.223136,37.775042,0.0,1,1.0,6.5,0.0,0,0.0,0,0.0,0,0.0,0.0,0
06001406100,-122.222763,37.774809,0.0,1,1.0,6.5,0.0,0,0.0,0,0.0,0,0.0,0.0,0
06001406100,-122.223045,37.775494,0.0,1,1.0,6.5,0.0,0,0.0,0,0.0,0,0.0,0.0,0
06001408900,-122.186417,37.754126,0.0,1,2.0,6.5,0.0,0,0.0,0,0.0,0,0.0,0.0,0
